day,intraday,time_normalized,instantaneous_vol,date,realized_vol,RV_daily,RV_weekly,RV_monthly
0,0,0.0,4.6838049585806945e-05,2025-04-21,0.005772746190968258,0.005772746190968258,0.006052305176301643,0.00643280300020625
1,0,0.0,2.2845967401996684e-05,2025-04-22,0.004696894200855311,0.004696894200855311,0.006052305176301643,0.00643280300020625
2,0,0.0,4.357531549751774e-05,2025-04-23,0.0059994962355188405,0.0059994962355188405,0.006052305176301643,0.00643280300020625
3,0,0.0,1e-05,2025-04-24,0.004482170988865074,0.004482170988865074,0.006052305176301643,0.00643280300020625
4,0,0.0,0.00010415825286686844,2025-04-25,0.009310218265300728,0.009310218265300728,0.006052305176301643,0.00643280300020625
5,0,0.0,3.3767083594808495e-05,2025-04-28,0.0068299032763251815,0.0068299032763251815,0.006052305176301643,0.00643280300020625
6,0,0.0,2.047571220098164e-05,2025-04-29,0.005991518098749517,0.005991518098749517,0.006263736593373028,0.00643280300020625
7,0,0.0,1.3634349721962237e-05,2025-04-30,0.00554076789409946,0.00554076789409946,0.006522661372951868,0.00643280300020625
8,0,0.0,7.453199594190254e-05,2025-05-02,0.007808586983537142,0.007808586983537142,0.006430915704667991,0.00643280300020625
9,0,0.0,2.138158252899226e-05,2025-05-05,0.005433554047452433,0.005433554047452433,0.007096198903602406,0.00643280300020625
10,0,0.0,1.8867893481087203e-05,2025-05-06,0.004198246157404846,0.004198246157404846,0.006320866060032746,0.00643280300020625
11,0,0.0,2.415559689698605e-05,2025-05-07,0.00576028751995614,0.00576028751995614,0.005794534636248679,0.00643280300020625
12,0,0.0,1e-05,2025-05-08,0.004517563327334203,0.004517563327334203,0.005748288520490004,0.00643280300020625
13,0,0.0,3.1465533556096594e-05,2025-05-09,0.0080012489692413,0.0080012489692413,0.005543647607136952,0.00643280300020625
14,0,0.0,3.113286418925306e-05,2025-05-12,0.005645778270378003,0.005645778270378003,0.005582180004277785,0.00643280300020625
15,0,0.0,3.0323049081431523e-05,2025-05-13,0.011187629345706667,0.011187629345706667,0.005624624848862898,0.00643280300020625
16,0,0.0,2.4700226390153153e-05,2025-05-14,0.006337161111542017,0.006337161111542017,0.007022501486523262,0.00643280300020625
17,0,0.0,3.741524747293717e-05,2025-05-15,0.011400578819334126,0.011400578819334126,0.007137876204840439,0.00643280300020625
18,0,0.0,1.3824214391530465e-05,2025-05-16,0.0052027469585787895,0.0052027469585787895,0.008514479303240423,0.00643280300020625
19,0,0.0,1.093637268525769e-05,2025-05-19,0.004728444803958433,0.004728444803958433,0.00795477890110792,0.00643280300020625
20,0,0.0,1.545997068748249e-05,2025-05-20,0.005467228565912221,0.005467228565912221,0.007771312207824006,0.00643280300020625
21,0,0.0,5.385896719417799e-05,2025-05-21,0.007208895973518807,0.007208895973518807,0.0066272320518651175,0.00643280300020625
22,0,0.0,1.4201289461625766e-05,2025-05-22,0.007065444218324437,0.007065444218324437,0.006801579024260476,0.00643280300020625
23,0,0.0,4.869526258692541e-05,2025-05-23,0.006349401048455713,0.006349401048455713,0.005934552104058538,0.006491562001449714
24,0,0.0,2.535377644604201e-05,2025-05-26,0.005471637835885679,0.005471637835885679,0.006163882922033922,0.006566675949067915
25,0,0.0,6.820985712157986e-05,2025-05-27,0.01003919816279814,0.01003919816279814,0.0063125215284193705,0.006542682385448224
26,0,0.0,1e-05,2025-05-28,0.005230117340804839,0.005230117340804839,0.007226915447796555,0.006795274529717909
27,0,0.0,2.9271298201125683e-05,2025-05-29,0.005850864090940614,0.005850864090940614,0.006831159721253763,0.006609815396786276
28,0,0.0,2.0975554792333606e-05,2025-05-30,0.004846055132410264,0.004846055132410264,0.006588243695776997,0.006565313615632434
29,0,0.0,2.5917254726719172e-05,2025-06-02,0.0056276939316691355,0.0056276939316691355,0.006287574512567907,0.006513247117162468
30,0,0.0,2.744724400550126e-05,2025-06-03,0.007957254333563205,0.007957254333563205,0.0063187857317246,0.006517198300688362
31,0,0.0,1e-05,2025-06-04,0.0036351945684959487,0.0036351945684959487,0.005902396965877612,0.006523955907507728
32,0,0.0,2.7195858434706714e-05,2025-06-05,0.005827156960092817,0.005827156960092817,0.005583412411415833,0.006442212294827887
33,0,0.0,9.758063271050787e-05,2025-06-06,0.006272149637337731,0.006272149637337731,0.005578670985246274,0.0065162536949500685
34,0,0.0,1e-05,2025-06-09,0.0030606610528116423,0.0030606610528116423,0.005863889886231767,0.00653952015483105
35,0,0.0,1e-05,2025-06-10,0.0037263700867145168,0.0037263700867145168,0.005350483310460269,0.0064732973241709325
36,0,0.0,2.2418480857890108e-05,2025-06-11,0.003309270309164752,0.003309270309164752,0.004504306461090532,0.006278984647692443
37,0,0.0,3.166674355061171e-05,2025-06-12,0.005800977360808956,0.005800977360808956,0.0044391216092242915,0.006172779740364567
38,0,0.0,2.187614240898345e-05,2025-06-13,0.005065835638799122,0.005065835638799122,0.00443388568936752,0.005927931922869217
39,0,0.0,5.2100350449203286e-05,2025-06-16,0.004647959704779412,0.004647959704779412,0.004192622889659798,0.005870144401380903
40,0,0.0,1.1197061662723865e-05,2025-06-17,0.004437104194833472,0.004437104194833472,0.004510082620053352,0.005563207168901144
41,0,0.0,3.9663227511529116e-05,2025-06-18,0.004289598499759416,0.004289598499759416,0.004652229441677143,0.005528405225094539
42,0,0.0,1.0731165760719666e-05,2025-06-19,0.004573482335854725,0.004573482335854725,0.004848295079796076,0.005508457665812766
43,0,0.0,5.288115562860339e-05,2025-06-20,0.005114340835509599,0.005114340835509599,0.00460279607480523,0.005467832837173788
44,0,0.0,2.743070479958106e-05,2025-06-23,0.00443302502802929,0.00443302502802929,0.004612497114147325,0.005372625785446097
45,0,0.0,3.145785975946101e-05,2025-06-24,0.008781470367319435,0.008781470367319435,0.0045695101787973005,0.005252970367705409
46,0,0.0,1.084112255364627e-05,2025-06-25,0.0038746190091917773,0.0038746190091917773,0.005438383413294493,0.005363518973108306
47,0,0.0,1.9484984569490693e-05,2025-06-26,0.006324853193669387,0.006324853193669387,0.005355387515180965,0.005290927208258583
48,0,0.0,1.981739027536077e-05,2025-06-27,0.003499905157856122,0.003499905157856122,0.005705661686743898,0.005122093346025458
49,0,0.0,1.662285477220959e-05,2025-06-30,0.004071272683819906,0.004071272683819906,0.005382774551213203,0.005043447337709607
50,0,0.0,1.5315561422601346e-05,2025-07-01,0.0034254009216447556,0.0034254009216447556,0.005310424082371324,0.00496255681920412
51,0,0.0,2.4502409109527265e-05,2025-07-02,0.003600966685757174,0.003600966685757174,0.00423921019323639,0.0048979816278056885
52,0,0.0,2.23216850986557e-05,2025-07-03,0.005757836215666851,0.005757836215666851,0.0041844797285494695,0.004805857662082417
53,0,0.0,1.8412446746180955e-05,2025-07-04,0.0039294818378097455,0.0039294818378097455,0.004071076332948962,0.004705884111268946
54,0,0.0,1e-05,2025-07-07,0.0039676216044620925,0.0039676216044620925,0.004156991668939685,0.004719260805328664
55,0,0.0,1.0209643664871934e-05,2025-07-08,0.003841154103985209,0.003841154103985209,0.004136261453068123,0.004634736470981813
56,0,0.0,1.3047213008550662e-05,2025-07-09,0.003801683958945953,0.003801683958945953,0.004219412089536215,0.004524236674011244
57,0,0.0,2.3522673585514903e-05,2025-07-10,0.00437075513493837,0.00437075513493837,0.004259555544173971,0.004557919533380985
58,0,0.0,4.330490598450734e-05,2025-07-11,0.004395172704883005,0.004395172704883005,0.003982139328028274,0.004587209762845706
59,0,0.0,2.3041540865582222e-05,2025-07-14,0.004222838893699963,0.004222838893699963,0.004075277501442926,0.004636568962651081
60,0,0.0,3.6330804229879774e-05,2025-07-15,0.003713782817512535,0.003713782817512535,0.0041263209592905,0.004564835395964309
61,0,0.0,1.3089679952081521e-05,2025-07-16,0.003489670048647019,0.003489670048647019,0.004100846701995965,0.0045033784495421905
62,0,0.0,1.3509597411108476e-05,2025-07-17,0.0036536701619937807,0.0036536701619937807,0.0040384439199361785,0.00445072891971799
63,0,0.0,3.604199947201034e-05,2025-07-18,0.004671722047249515,0.004671722047249515,0.003895026925347261,0.004415118281861641
64,0,0.0,3.6401149672333425e-05,2025-07-21,0.004815391023189346,0.004815391023189346,0.003950336793820562,0.004432487534020282
65,0,0.0,1.8438367811674542e-05,2025-07-22,0.003756819043638007,0.003756819043638007,0.004068847219718439,0.004443483383444583
66,0,0.0,1.2831027265718647e-05,2025-07-23,0.0034237974447692728,0.0034237974447692728,0.004077454464943534,0.004381777847450419
67,0,0.0,3.316631833449647e-05,2025-07-24,0.00396694083007588,0.00396694083007588,0.004064279944167985,0.004335903866393146
68,0,0.0,2.4314180007225805e-05,2025-07-25,0.005445036566877957,0.005445036566877957,0.004126934077784404,0.004117061614700258
69,0,0.0,1.808993701039497e-05,2025-07-28,0.005551736265984084,0.005551736265984084,0.004281596981710093,0.00418844423095872
70,0,0.0,1.5486855023243644e-05,2025-07-29,0.005293171723820317,0.005293171723820317,0.00442886603026904,0.00415330255242757
71,0,0.0,1.8168677333087282e-05,2025-07-30,0.004714397773756229,0.004714397773756229,0.004736136566305502,0.004234814669062306
72,0,0.0,4.3095841146577426e-05,2025-07-31,0.006407711452471709,0.006407711452471709,0.004994256632102893,0.004264047627695776
73,0,0.0,3.0881823571012045e-05,2025-08-01,0.006270651298706611,0.006270651298706611,0.005482410756582059,0.004399607197278819
74,0,0.0,1.865764240876604e-05,2025-08-04,0.005296793651118407,0.005296793651118407,0.00564753370294779,0.004520956497867431
75,0,0.0,1.602310680212177e-05,2025-08-05,0.004362368732519836,0.004362368732519836,0.005596545179974655,0.0045000000176606825
76,0,0.0,2.6468538438795416e-05,2025-08-06,0.004544668216931852,0.004544668216931852,0.0054103845817145575,0.00451967669469296
77,0,0.0,3.0461327306260632e-05,2025-08-07,0.005068128918201227,0.005068128918201227,0.005376438670349683,0.004545906086168858
78,0,0.0,2.9001052746592988e-05,2025-08-08,0.004646543091568,0.004646543091568,0.005108522163495587,0.004601677668633222
79,0,0.0,2.097482610479779e-05,2025-08-11,0.004448482270916884,0.004448482270916884,0.004783700522067865,0.004640080356479679
80,0,0.0,3.5915436251475005e-05,2025-08-12,0.0054146230506627625,0.0054146230506627625,0.004614038246027559,0.004643613408115066
81,0,0.0,1e-05,2025-08-13,0.003975532509283872,0.003975532509283872,0.004824489109656145,0.004689952060195964
82,0,0.0,1e-05,2025-08-14,0.004097940972532154,0.004097940972532154,0.004710661968126549,0.0046787108609043235
83,0,0.0,2.4559318084415903e-05,2025-08-18,0.003764826721950781,0.003764826721950781,0.004516624378992734,0.004696172595223397
84,0,0.0,1.742947049425126e-05,2025-08-19,0.003426940735478659,0.003426940735478659,0.004340281105069291,0.004708679716737204
85,0,0.0,1.9370907954442905e-05,2025-08-20,0.003038529107203819,0.003038529107203819,0.004135972797981646,0.004698373833713789
86,0,0.0,1.5449583403546197e-05,2025-08-21,0.0034281830632664663,0.0034281830632664663,0.003660754009289857,0.004624137790984439
87,0,0.0,2.2965398003679677e-05,2025-08-22,0.003461372366391827,0.003461372366391827,0.0035512841200863758,0.004561082883715217
88,0,0.0,1.2983572820687586e-05,2025-08-25,0.002952713140844612,0.002952713140844612,0.0034239703988583102,0.004547653489294937
89,0,0.0,1.5443650477690715e-05,2025-08-26,0.0043348288670002275,0.0043348288670002275,0.0032615476826370767,0.004526240566389269
90,0,0.0,3.435045831569481e-05,2025-08-28,0.005654817991425908,0.005654817991425908,0.0034431253089413903,0.004542962749885832
91,0,0.0,2.2126050394390675e-05,2025-08-29,0.004872747010141723,0.004872747010141723,0.0039663830857858086,0.004552498269183465
92,0,0.0,1e-05,2025-09-01,0.0032054777035627584,0.0032054777035627584,0.00425529587516086,0.004521635121190631
93,0,0.0,1.774210070262587e-05,2025-09-02,0.005422986199595443,0.005422986199595443,0.004204116942595045,0.0044267399384516504
94,0,0.0,1.2908950705758771e-05,2025-09-03,0.004331743495560102,0.004331743495560102,0.004698171554345211,0.004458948503262525
95,0,0.0,2.7007027004452305e-05,2025-09-04,0.0052515957497621425,0.0052515957497621425,0.004697554480057186,0.004364586323402905
96,0,0.0,3.6255902577131996e-05,2025-09-05,0.005173796724538636,0.005173796724538636,0.004616910031724434,0.004318265616632703
97,0,0.0,1.0768556547595698e-05,2025-09-08,0.004466375508733685,0.004466375508733685,0.0046771199746038165,0.004312674847242713
98,0,0.0,1e-05,2025-09-09,0.004450043598227086,0.004450043598227086,0.004929299535638002,0.004317402427979706
99,0,0.0,1.20897230767538e-05,2025-09-10,0.0035005394991359765,0.0035005394991359765,0.00473471101536433,0.004313101308947672
100,0,0.0,1e-05,2025-09-11,0.003890937781278421,0.003890937781278421,0.004568470216079505,0.004241847244444706
101,0,0.0,2.1784334152335603e-05,2025-09-12,0.002307045104507672,0.002307045104507672,0.004296338622382761,0.004207501548522452
102,0,0.0,1e-05,2025-09-15,0.0031902227113705813,0.0031902227113705813,0.003722988298376568,0.004110163495503852
103,0,0.0,1.1200438931497812e-05,2025-09-16,0.00365964793797038,0.00365964793797038,0.0034677577389039477,0.004009054389172389
104,0,0.0,1e-05,2025-09-17,0.0029189749484174465,0.0029189749484174465,0.0033096786068526063,0.00399469599956723
105,0,0.0,1e-05,2025-09-18,0.0038846901467789598,0.0038846901467789598,0.0031933656967089003,0.003941106634834744
106,0,0.0,1.3677903422869821e-05,2025-09-19,0.003440746941648131,0.003440746941648131,0.0031921161698090076,0.003946554972326933
107,0,0.0,1.398749798473547e-05,2025-09-22,0.00391698234212554,0.00391698234212554,0.0034188565372371,0.003947182527152818
108,0,0.0,2.1624637660291982e-05,2025-09-23,0.0051743135159793615,0.0051743135159793615,0.003564208463388092,0.00398711221964926
109,0,0.0,1.0431145393697689e-05,2025-09-24,0.0037386592379406412,0.0037386592379406412,0.0038671415789898883,0.004066481785681664
110,0,0.0,1.912842859278802e-05,2025-09-25,0.004598521813765595,0.004598521813765595,0.004031078436894527,0.004079085734388428
111,0,0.0,1.4159655457577132e-05,2025-09-26,0.004625433296438737,0.004625433296438737,0.004173844770291853,0.0041538952195212
112,0,0.0,3.513059146077764e-05,2025-09-29,,,0.004410782041249975,0.004167104511768404
113,0,0.0,1.5557118437413028e-05,2025-09-30,0.005244315301751874,0.005244315301751874,,
114,0,0.0,3.94488020386985e-05,2025-10-01,0.005153016920281768,0.005153016920281768,,
115,0,0.0,1.1198761548776524e-05,2025-10-03,0.004227186812275028,0.004227186812275028,,
116,0,0.0,2.180624735627539e-05,2025-10-06,0.004098885123874284,0.004098885123874284,,
117,0,0.0,2.0764585458855606e-05,2025-10-07,0.005026051043345433,0.005026051043345433,,
118,0,0.0,4.3153736481800755e-05,2025-10-08,0.0053491704421226175,0.0053491704421226175,0.004749891040305677,
119,0,0.0,3.277237031031857e-05,2025-10-09,0.004883542451942979,0.004883542451942979,0.004770862068379826,
120,0,0.0,1.59284030922463e-05,2025-10-10,0.0042227683949884074,0.0042227683949884074,0.0047169671747120685,
121,0,0.0,1.0354442137525577e-05,2025-10-13,0.004638893220849322,0.004638893220849322,0.004716083491254745,
122,0,0.0,3.493568103769289e-05,2025-10-14,0.006053382082772475,0.006053382082772475,0.004824085110649752,
123,0,0.0,2.4459792920896294e-05,2025-10-15,0.003899806791476487,0.003899806791476487,0.005029551318535161,
124,0,0.0,1.1418352229916413e-05,2025-10-16,0.0036669179134679007,0.0036669179134679007,0.004739678588405934,
125,0,0.0,5.106097254929939e-05,2025-10-17,0.0055873722754933705,0.0055873722754933705,0.004496353680710918,
126,0,0.0,1e-05,2025-10-20,0.005671033814252691,0.005671033814252691,0.004769274456811912,
127,0,0.0,3.996867310671352e-05,2025-10-21,0.001819732263121589,0.001819732263121589,0.004975702575492584,
128,0,0.0,1e-05,2025-10-23,0.004834024861839887,0.004834024861839887,0.004128972611562408,
129,0,0.0,2.2258411091993403e-05,2025-10-24,0.005194738946870899,0.005194738946870899,0.004315816225635088,
130,0,0.0,2.061995006039358e-05,2025-10-27,0.004013679752101988,0.004013679752101988,0.004621380432315687,
131,0,0.0,4.0525645819072525e-05,2025-10-28,0.006451831003159876,0.006451831003159876,0.00430664192763741,
132,0,0.0,1.639696364609988e-05,2025-10-29,0.004231814218712206,0.004231814218712206,0.004462801365418849,
133,0,0.0,1.4346675546773218e-05,2025-10-30,0.004582081142612792,0.004582081142612792,0.004945217756536971,
134,0,0.0,4.074405413334754e-05,2025-10-31,0.00430205299394246,0.00430205299394246,0.004894829012691552,
135,0,0.0,1.8204405459057226e-05,2025-11-03,0.004673027199883998,0.004673027199883998,0.004716291822105864,0.004688740807784379
136,0,0.0,1.488552967904451e-05,2025-11-04,0.004454498698032285,0.004454498698032285,0.0048481613116622664,0.004662773166790384
137,0,0.0,2.5611080771275975e-05,2025-11-06,0.005132169899955038,0.005132169899955038,0.004448694850636749,0.004631022338506317
138,0,0.0,3.244451688516395e-05,2025-11-07,0.004830277300641056,0.004830277300641056,0.004628765986885315,0.004672157933400862
139,0,0.0,2.331140872140616e-05,2025-11-10,0.003933991383045664,0.003933991383045664,0.004678405218490968,0.004705403032344807
140,0,0.0,2.245821086087011e-05,2025-11-11,0.00458124454503169,0.00458124454503169,0.004604792896311609,0.0046557639568766355
141,0,0.0,2.094625040713674e-05,2025-11-12,0.0036146634282893915,0.0036146634282893915,0.004586436365341147,0.0046208582342815935
142,0,0.0,3.5143573925093775e-05,2025-11-13,0.004578251449734262,0.004578251449734262,0.0044184693113925675,0.004563181915024612
143,0,0.0,1.259021840044281e-05,2025-11-14,,,0.004307685621348413,0.004579340235694879
144,0,0.0,1.0196007955820791e-05,2025-11-17,0.0034431906708793877,0.0034431906708793877,,
145,0,0.0,2.0536865220884794e-05,2025-11-18,0.003746253975111394,0.003746253975111394,,
146,0,0.0,1.6257582945285997e-05,2025-11-19,0.0035675190751468526,0.0035675190751468526,,
147,0,0.0,1.612842176883693e-05,2025-11-20,0.0036259834611135472,0.0036259834611135472,,
148,0,0.0,1.855636822976316e-05,2025-11-21,0.003628067690064687,0.003628067690064687,,
149,0,0.0,1.3980935658159294e-05,2025-11-24,0.004172232603926012,0.004172232603926012,0.0036022029744631734,
150,0,0.0,1.3062443686468357e-05,2025-11-25,0.00437873885554194,0.00437873885554194,0.0037480113610724986,
151,0,0.0,3.671629766156782e-05,2025-11-26,0.003732708710724546,0.003732708710724546,0.0038745083371586075,
152,0,0.0,1.4890709206582758e-05,2025-11-27,0.0043789394483217834,0.0043789394483217834,0.003907546264274146,
153,0,0.0,1.198481274992849e-05,2025-11-28,0.0034522082357932144,0.0034522082357932144,0.004058137461715794,
154,0,0.0,2.6766762059765383e-05,2025-12-01,0.003859499663374215,0.003859499663374215,0.004022965570861499,
155,0,0.0,1.0824338221654936e-05,2025-12-02,0.0036330350726413853,0.0036330350726413853,0.003960418982751139,
156,0,0.0,1.882626482437656e-05,2025-12-03,0.00396803211259751,0.00396803211259751,0.003811278226171029,
157,0,0.0,2.601607264423713e-05,2025-12-04,0.003837229954640658,0.003837229954640658,0.003858342906545622,
158,0,0.0,3.356146774544135e-05,2025-12-05,0.0048373315555066965,0.0048373315555066965,0.003750001007809397,
159,0,0.0,2.005640286545837e-05,2025-12-08,0.004550741196474278,0.004550741196474278,0.004027025671752093,
160,0,0.0,3.2966404951455624e-05,2025-12-09,0.005334130685005147,0.005334130685005147,0.004165273978372105,
161,0,0.0,2.718601938610786e-05,2025-12-10,0.0048406378246325975,0.0048406378246325975,0.004505493100844858,
162,0,0.0,2.7231606365248242e-05,2025-12-11,0.005244128237042792,0.005244128237042792,0.004680014243251875,
163,0,0.0,1.5838729154459034e-05,2025-12-12,0.0035449371066929108,0.0035449371066929108,0.004961393899732302,
164,0,0.0,1.9024996224458856e-05,2025-12-15,0.0033159157910773174,0.0033159157910773174,0.0047029150099695445,
165,0,0.0,1.070952514229482e-05,2025-12-16,0.0038492275815721734,0.0038492275815721734,0.004455949928890153,
166,0,0.0,2.0653640006838423e-05,2025-12-17,0.003983331748267851,0.003983331748267851,0.0041589693082035575,0.004042758613994593
167,0,0.0,2.817865080880082e-05,2025-12-18,0.004020352007855117,0.004020352007855117,0.003987508092930609,0.004067310481148614
168,0,0.0,1e-05,2025-12-19,0.0032232047435690318,0.0032232047435690318,0.003742752847093074,0.0040797694826369656
169,0,0.0,1e-05,2025-12-22,0.002493981240097456,0.002493981240097456,0.003678406374468298,0.0040641188312016095
170,0,0.0,1.2593131111607027e-05,2025-12-23,0.0035269541489683135,0.0035269541489683135,0.0035140194642723256,0.004012664184791789
171,0,0.0,1.0524934444693301e-05,2025-12-24,0.003214610794418005,0.003214610794418005,0.0034495647777515537,0.004008068114741952
172,0,0.0,1.302785982422071e-05,2025-12-26,0.0023162463046247036,0.0023162463046247036,0.003295820586981585,0.003964539850673407
173,0,0.0,2.6927050078628972e-05,2025-12-29,0.0027187905108660396,0.0027187905108660396,0.0029549994463355022,0.0038707901892680776
174,0,0.0,1.8205670000695355e-05,2025-12-30,0.0035879673673293866,0.0035879673673293866,0.0028541165997949033,0.0038247029983654187
175,0,0.0,2.4074854021568992e-05,2025-12-31,0.0030793395880199977,0.0030793395880199977,0.0030729138252412894,0.0037887497219566734
176,0,0.0,1e-05,2026-01-01,0.0038690148417627034,0.0038690148417627034,0.0029833909130516263,0.0037718011470578906
177,0,0.0,1.749856942975049e-05,2026-01-02,0.0025457443485835235,0.0025457443485835235,0.0031142717225205664,0.0037722336551664582
178,0,0.0,1.6604494760229265e-05,2026-01-05,0.004069709438359937,0.004069709438359937,0.0031601713313123302,0.0037228113495274646
179,0,0.0,2.1559309995086446e-05,2026-01-06,0.0038289374794809134,0.0038289374794809134,0.0034303551168111098,0.0037274330461530285
180,0,0.0,1.2069087724494067e-05,2026-01-07,0.003900346440490643,0.003900346440490643,0.0034785491392414153,0.00372705611546395
181,0,0.0,3.833046805397559e-05,2026-01-08,0.004053827954911983,0.004053827954911983,0.0036427505097355443,0.00368446588296322
182,0,0.0,3.845903096275291e-05,2026-01-09,0.0057039955251752825,0.0057039955251752825,0.0036797131323653997,0.003661878917437661
183,0,0.0,2.7287029054904602e-05,2026-01-12,0.006737169152792885,0.006737169152792885,0.004311363367683752,0.003678690955627213
184,0,0.0,2.1826629000809013e-05,2026-01-13,0.0069429031695165755,0.0069429031695165755,0.004844855310570341,0.0037648969250890438
185,0,0.0,2.5736329566407014e-05,2026-01-14,0.005988243263756196,0.005988243263756196,0.005467648448577474,0.003842113967474216
186,0,0.0,3.366783573820983e-05,2026-01-16,0.005387735897959277,0.005387735897959277,0.005885227813230584,0.0039531733382498204
187,0,0.0,1.2865618989883826e-05,2026-01-19,0.005038745138712894,0.005038745138712894,0.006152009401840043,0.004047346979471728
188,0,0.0,1.5766085023091274e-05,2026-01-20,0.005494478288780914,0.005494478288780914,0.006018959324547565,0.004101415959341761
189,0,0.0,6.231973159545355e-05,2026-01-21,0.009922338202704868,0.009922338202704868,0.0057704211517451715,0.004170104438455991
190,0,0.0,5.849019825074474e-05,2026-01-22,0.00750022450547806,0.00750022450547806,0.0063663081583828305,0.004438376538221889
191,0,0.0,2.58751960752376e-05,2026-01-23,0.0064392486018699496,0.0064392486018699496,0.006668704406727202,0.004632786527399572
192,0,0.0,2.4711582437278777e-05,2026-01-27,0.009381314802426892,0.009381314802426892,0.0068790069475093375,0.004812116862025594
193,0,0.0,1.919033700352076e-05,2026-01-28,0.005639793672215945,0.005639793672215945,0.007747520880252138,0.005078224164455528
194,0,0.0,2.7503722531304437e-05,2026-01-29,0.006570693687574957,0.006570693687574957,0.007776583956939143,0.005188459749809981
195,0,0.0,1.4552842763002185e-05,2026-01-30,0.00633777701079733,0.00633777701079733,0.007106255053913162,0.005381843721762264
196,0,0.0,4.523931884837601e-05,2026-02-02,0.00909248813118695,0.00909248813118695,0.006873765554977015,0.005546343108122778
197,0,0.0,3.4248440252016546e-05,2026-02-03,0.007353675344057685,0.007353675344057685,0.007404413460840415,0.005796548597389031
198,0,0.0,2.0832223040890024e-05,2026-02-04,0.005198927611664784,0.005198927611664784,0.006998885569166573,0.005990836586299834
199,0,0.0,1.59825171320208e-05,2026-02-05,0.004867974949671978,0.004867974949671978,0.0069107123570563405,0.006051287166749928
200,0,0.0,3.225570568560368e-05,2026-02-06,0.005506847849627774,0.005506847849627774,0.006570168609475746,0.00615684310316304
201,0,0.0,1.637981780601278e-05,2026-02-09,0.0030882452593233712,0.0030882452593233712,0.006403982777241834,0.006222167576402488
202,0,0.0,1e-05,2026-02-10,0.00385228471172775,0.00385228471172775,0.005203134202869118,0.006188499748213508
203,0,0.0,1.0635351157746292e-05,2026-02-11,0.0035723088952715216,0.0035723088952715216,0.004502856076403132,0.006186315124178831
204,0,0.0,1.4544151386001367e-05,2026-02-12,0.004102448132252922,0.004102448132252922,0.004177532333124479,0.006164427894195174
205,0,0.0,1e-05,2026-02-13,0.004546547068905632,0.004546547068905632,0.0040244269696406675,0.006091630285425976
206,0,0.0,1.705533628605432e-05,2026-02-16,0.004613891235739529,0.004613891235739529,0.0038323668134962394,0.005992056554340192
207,0,0.0,2.2919037671543e-05,2026-02-17,0.005035540531505017,0.005035540531505017,0.00413749600877947,0.005886192375532145
208,0,0.0,1.4908467814829242e-05,2026-02-18,0.004130823280318226,0.004130823280318226,0.004374147172734924,0.005842887705884364
209,0,0.0,4.144926672045205e-05,2026-02-19,0.005664244105784979,0.005664244105784979,0.0044858500497442656,0.005785755314173407
210,0,0.0,3.9682585932731964e-05,2026-02-20,0.0066005395280711535,0.0066005395280711535,0.004798209244450675,0.005814187085403957
211,0,0.0,2.4086754839392726e-05,2026-02-23,0.005455268653714437,0.005455268653714437,0.00520900773628378,0.005864462596280784
212,0,0.0,1.9113373253842783e-05,2026-02-24,0.00522459067338113,0.00522459067338113,0.005377283219878762,0.005661413980417584
213,0,0.0,1.5385767414646596e-05,2026-02-25,0.004996222797184382,0.004996222797184382,0.005415093248253984,0.005557976078958631
214,0,0.0,2.334542861540749e-05,2026-02-26,0.00591677706317836,0.00591677706317836,0.005588173151627216,0.005492383996927471
215,0,0.0,1.9267769465081533e-05,2026-02-27,0.005642950563127503,0.005642950563127503,0.0056386797431058925,0.00533490500877981
216,0,0.0,3.94963608936713e-05,2026-03-02,0.009754686461753955,0.009754686461753955,0.005447161950117163,0.0053350485038212445
217,0,0.0,1.9126989247843316e-05,2026-03-04,0.007729078628766888,0.007729078628766888,0.006307045511725067,0.005479775448102108
218,0,0.0,2.1584044628092944e-05,2026-03-05,0.008841053016842628,0.008841053016842628,0.006807943102802218,0.005543016430737088
219,0,0.0,1.5704269181541875e-05,2026-03-06,0.006932330511066748,0.006932330511066748,0.007576909146733866,0.005531587561903254
220,0,0.0,4.403364708329898e-05,2026-03-09,0.010170611972195931,0.010170611972195931,0.007780019836311544,0.00551243552404003
221,0,0.0,3.504306029587214e-05,2026-03-10,0.007814716289618905,0.007814716289618905,0.008685552118125231,0.0057384211767914466
222,0,0.0,5.873768072206997e-05,2026-03-11,0.007509434484452183,0.007509434484452183,0.00829755808369822,0.005872363964970851
223,0,0.0,4.386975119834226e-05,2026-03-12,0.009181495497273115,0.009181495497273115,0.00825362925483528,0.005963390630190143
224,0,0.0,3.2562326615601546e-05,2026-03-13,0.008052176625197461,0.008052176625197461,0.008321717750921376,0.0062403565500969505
225,0,0.0,4.9111498673968626e-05,2026-03-16,0.011489718286520016,0.011489718286520016,0.008545686973747519,0.006431260727981936
226,0,0.0,4.978924817717344e-05,2026-03-17,0.00921965234852394,0.00921965234852394,0.008809508236612335,0.006791142973038688
227,0,0.0,4.0439933670874274e-05,2026-03-18,0.006595937103431986,0.006595937103431986,0.009090495448393344,0.007023743164687369
228,0,0.0,1.8481975234198567e-05,2026-03-19,0.008518351827115621,0.008518351827115621,0.008907795972189304,0.00711689725716584
229,0,0.0,2.5742412312989013e-05,2026-03-20,0.009118754488214222,0.009118754488214222,0.008775167238157805,0.007294372738592025
230,0,0.0,5.181996224855547e-05,2026-03-23,0.010152491832580993,0.010152491832580993,0.008988482810761155,0.0074799733729879
231,0,0.0,4.460400662726204e-05,2026-03-24,0.012015118810321654,0.012015118810321654,0.008721037519973352,0.007753685579908933
232,0,0.0,3.2150484799187186e-05,2026-03-27,0.00720127367240828,0.00720127367240828,0.009280130812332896,0.00804236170284242
233,0,0.0,5.4001139645277e-05,2026-03-30,0.009980355614129202,0.009980355614129202,0.009401198126128154,0.00806966780031229
234,0,0.0,4.398101857074171e-05,2026-04-01,0.009646167605529414,0.009646167605529414,0.009693598883530871,0.008275353571240233
235,0,0.0,1.829785773563796e-05,2026-04-02,0.01041004601499085,0.01041004601499085,0.00979908150699391,0.008476334340883336
236,0,0.0,2.499158133762128e-05,2026-04-06,0.011384441775570828,0.011384441775570828,0.00985059234347588,0.008722417214419994
237,0,0.0,2.7006471012326048e-05,2026-04-07,0.009654159386425018,0.009654159386425018,0.009724456936525714,0.008970947428619652
238,0,0.0,3.16759763060194e-05,2026-04-08,0.007338607669544244,0.007338607669544244,0.010215034079329062,0.009153275102405902
239,0,0.0,2.8008677312376476e-05,2026-04-09,0.008280788381897596,0.008280788381897596,0.00968668449041207,0.00904345333912364
240,0,0.0,1.786710951927229e-05,2026-04-10,0.006888902388560578,0.006888902388560578,0.009413608645685707,0.009068531055175038
241,0,0.0,5.100312101510132e-05,2026-04-13,0.007704906811292686,0.007704906811292686,0.008709379920399652,0.008979796935707673
242,0,0.0,1.2429761388848048e-05,2026-04-15,0.004991946410848516,0.004991946410848516,0.007973472927544023,0.009014914040263396
243,0,0.0,3.665280662204138e-05,2026-04-16,0.006936215615173442,0.006936215615173442,0.0070410303324287245,0.008779520151111242
244,0,0.0,2.0312637050761994e-05,2026-04-17,0.005849070230864487,0.005849070230864487,0.006960551921554562,0.008739588302272812
245,0,0.0,3.734131652091139e-05,2026-04-20,0.0067125768743465436,0.0067125768743465436,0.006474208291347943,0.008664117199837007
246,0,0.0,2.392135691459258e-05,2026-04-21,0.005204122818901588,0.005204122818901588,0.006438943188505135,0.008551893626067616
247,0,0.0,1.7188853306995195e-05,2026-04-22,0.004697811305313373,0.004697811305313373,0.005938786390026916,0.00842243663487235
248,0,0.0,2.6498092711309322e-05,2026-04-23,0.005354847744759068,0.005354847744759068,0.0058799593689198865,0.008113713590272048
249,0,0.0,3.901869594356343e-05,2026-04-24,0.005702248385879422,0.005702248385879422,0.005563685794837012,0.00793804065373728
250,0,0.0,2.2687204561300887e-05,2026-04-27,0.005631827166920386,0.005631827166920386,0.005534321425839999,0.007897418439303073
251,0,0.0,3.555863578751418e-05,2026-04-28,0.0059877868466033735,0.0059877868466033735,0.005318171484354768,0.007766212772930562
252,0,0.0,5.085501184644325e-05,2026-04-29,0.005499883944488789,0.005499883944488789,0.0054749042898951245,0.007623896061948252
253,0,0.0,3.273571154621364e-05,2026-04-30,0.006847559743166187,0.006847559743166187,0.005635318817730208,0.0074124138852167875
